SampleID,PC1,PC2,PC3,PC4,PC5
TCGA-A1-A0SD,3.0279,-6.9368,3.6584,0.20642,-1.0834
TCGA-A1-A0SE,2.2098,-5.6705,4.2829,-1.5232,2.434
TCGA-A1-A0SH,0.41701,-7.2339,-0.83086,2.344,6.5691
TCGA-A1-A0SJ,1.5086,-4.564,4.2758,1.5344,0.54461
TCGA-A1-A0SK,-8.4203,11.1731,4.7948,-1.2391,5.8209
TCGA-A1-A0SM,2.4125,-3.9508,-5.1385,-2.1635,6.6384
TCGA-A1-A0SO,-10.3978,12.952,4.1882,1.1373,-0.53909
TCGA-A2-A04N,5.0514,-4.1724,0.22251,0.62516,3.5116
TCGA-A2-A04P,-12.5502,-1.1695,-0.83322,-4.3688,-1.4446
TCGA-A2-A04Q,-11.6253,-2.8088,-1.285,0.054894,-4.595
TCGA-A2-A04R,6.3212,2.9497,5.9462,1.7411,3.1163
TCGA-A2-A04T,-16.1295,5.1075,4.5181,1.445,-0.38045
TCGA-A2-A04U,-14.0789,6.3507,3.4461,-1.3235,6.422
TCGA-A2-A04V,6.8017,1.5987,0.58599,5.7442,2.1403
TCGA-A2-A04W,-3.003,-4.034,-9.2235,-4.92,5.5083
TCGA-A2-A04X,2.4076,1.3565,-6.8761,-3.0281,-2.4643
TCGA-A2-A04Y,1.1655,-0.046782,-0.29346,-0.71299,-3.5019
TCGA-A2-A0CL,-2.8173,-1.0367,-0.41129,6.8004,-5.0767
TCGA-A2-A0CM,-14.7009,3.4183,-0.51428,4.6268,-0.30824
TCGA-A2-A0CP,0.44331,-8.9505,2.8396,-1.4944,2.9766
TCGA-A2-A0CQ,6.6438,0.96933,0.69081,-4.7829,-1.0757
TCGA-A2-A0CS,7.3962,-1.4152,-3.1833,-2.0104,2.0216
TCGA-A2-A0CT,1.7531,3.119,2.8466,-0.4447,1.3698
TCGA-A2-A0CU,5.9343,1.8424,5.6268,3.7845,0.68564
TCGA-A2-A0CV,0.0093886,-7.8415,2.6518,-3.7127,-0.49212
TCGA-A2-A0CW,1.7068,5.7012,-2.8485,-2.2192,-1.5771
TCGA-A2-A0CX,-3.552,-3.4895,-6.9582,-1.7481,1.1544
TCGA-A2-A0CY,-4.4772,4.233,-1.613,-8.4231,3.6183
TCGA-A2-A0CZ,-1.5174,-9.9876,2.0543,1.5018,0.70983
TCGA-A2-A0D0,-17.7045,8.048,0.19057,-3.6881,-0.16683
TCGA-A2-A0D1,-2.0485,8.771,-4.3364,-0.5051,5.6919
TCGA-A2-A0D2,-13.9275,1.3952,1.9585,1.1102,0.71175
TCGA-A2-A0D3,2.213,0.31253,-0.91885,-2.9907,-0.06531
TCGA-A2-A0D4,5.3988,2.9462,4.0425,-2.6031,-1.1685
TCGA-A2-A0EM,6.5143,-4.1019,1.7049,-1.605,1.6343
TCGA-A2-A0EN,2.1253,-9.2378,-1.8669,0.99382,-3.6113
TCGA-A2-A0EO,0.98966,-9.2265,2.6484,-0.36929,1.5642
TCGA-A2-A0EQ,-2.1377,5.0207,-5.8332,1.7229,-4.1681
TCGA-A2-A0ER,9.149,1.7618,4.6894,-0.61347,-1.0738
TCGA-A2-A0ES,1.0138,-11.1939,6.4049,-3.2911,-2.5687
TCGA-A2-A0ET,10.398,11.824,3.7876,1.4362,-7.0294
TCGA-A2-A0EU,3.6227,-0.79904,3.8817,1.5687,2.2696
TCGA-A2-A0EV,4.1067,-4.4433,0.0018783,1.8083,-0.98699
TCGA-A2-A0EW,1.3473,-10.5632,4.5326,-0.25657,-2.8816
TCGA-A2-A0EX,2.719,-6.4657,1.3235,-0.84038,2.3499
TCGA-A2-A0EY,0.5519,-1.9102,-7.5314,-3.507,-1.9873
TCGA-A2-A0ST,-10.2252,-3.7518,1.3833,-2.7886,-7.8653
TCGA-A2-A0SU,3.9638,-3.5289,4.8304,-2.3481,0.89028
TCGA-A2-A0SV,0.95425,0.79619,-8.4505,2.1867,-0.24044
TCGA-A2-A0SW,3.1024,0.20233,-7.1585,2.0153,-3.7449
TCGA-A2-A0SX,-12.6119,-2.736,1.767,5.0314,-1.6025
TCGA-A2-A0SY,2.9327,-6.6387,1.3492,0.82341,-0.92678
TCGA-A2-A0T0,-13.7878,3.3876,-1.4079,-1.2354,4.7425
TCGA-A2-A0T1,-2.4412,-2.9611,-11.7234,1.8487,-0.35651
TCGA-A2-A0T2,-13.9939,1.5288,-1.35,-4.2704,2.7405
TCGA-A2-A0T3,2.0069,0.019432,3.5874,-0.89404,0.86855
TCGA-A2-A0T4,4.0423,-5.9934,1.1782,3.0956,-2.8011
TCGA-A2-A0T5,-0.24432,-5.2529,1.9049,-4.0137,3.5259
TCGA-A2-A0T6,2.5526,-4.3534,-1.6298,8.8403,-0.68719
TCGA-A2-A0T7,-2.8265,-6.976,1.2351,-0.54637,1.3293
TCGA-A2-A0YC,9.1245,-1.6955,0.56703,2.192,-2.2192
TCGA-A2-A0YD,1.7724,-8.1268,0.55424,3.5668,-0.67124
TCGA-A2-A0YE,-13.3212,3.2777,1.8867,3.0541,2.2808
TCGA-A2-A0YF,7.1827,0.32824,3.4302,-1.1589,-3.4785
TCGA-A2-A0YG,1.2855,2.875,-2.352,-1.1831,0.46187
TCGA-A2-A0YH,3.1656,-0.22618,-1.9892,2.7399,-2.4718
TCGA-A2-A0YI,6.1933,-4.8589,2.8052,-0.36534,-4.5265
TCGA-A2-A0YJ,-15.4692,6.865,3.1049,-0.62674,7.1833
TCGA-A2-A0YK,-1.6918,-10.4568,4.1553,-1.5229,-5.2292
TCGA-A2-A0YL,-0.72452,-7.7537,4.7476,-0.93434,-0.59503
TCGA-A2-A0YM,-16.3015,3.411,2.6068,4.506,-0.012648
TCGA-A7-A0CD,9.0091,3.9053,3.0003,1.2599,0.34739
TCGA-A7-A0CE,-11.0686,-0.57926,3.9882,-1.2231,-0.45201
TCGA-A7-A0CG,0.20918,-10.3375,0.68165,-2.3528,-3.9498
TCGA-A7-A0CH,5.0596,-4.2449,0.49223,-4.4026,2.1869
TCGA-A7-A0CJ,2.3876,5.5273,1.0672,-1.839,0.48959
TCGA-A7-A0D9,0.85701,1.0161,2.7877,3.2467,3.7023
TCGA-A7-A0DA,-12.9008,0.44067,1.2766,1.5019,6.7594
TCGA-A7-A0DB,2.6694,-8.302,0.081811,-2.9658,-1.6273
TCGA-A7-A13D,-13.7041,1.566,1.8003,0.92798,6.3422
TCGA-A7-A13E,-15.2384,5.6942,3.5333,1.9037,3.8955
TCGA-A7-A13F,5.5277,0.80161,2.4919,-1.7311,2.8652
TCGA-A8-A06N,11.051,19.3642,3.3484,-1.2786,-4.3565
TCGA-A8-A06O,5.9395,1.9058,-0.87239,3.0475,-2.2558
TCGA-A8-A06P,5.3022,-3.4564,-1.0939,3.8593,3.2096
TCGA-A8-A06Q,5.6857,8.9042,-3.1545,-7.358,-2.4903
TCGA-A8-A06R,-1.9178,1.3926,-4.1788,2.4547,3.0034
TCGA-A8-A06T,7.5537,6.1307,-0.83424,2.659,-3.1469
TCGA-A8-A06U,1.7287,2.1615,0.36419,-2.2969,-1.7538
TCGA-A8-A06X,1.7582,8.9453,-3.9345,5.5584,-1.3624
TCGA-A8-A06Y,4.4223,6.5841,2.1713,-2.8997,-1.0842
TCGA-A8-A06Z,10.1348,11.4685,-0.19851,-1.551,-1.3187
TCGA-A8-A075,1.7906,-0.083077,-8.5465,0.66322,0.12094
TCGA-A8-A076,4.6172,-0.20549,-6.4396,2.0465,0.59614
TCGA-A8-A079,4.8414,6.3888,0.91254,1.1899,0.13457
TCGA-A8-A07B,0.61281,1.89,-5.3202,-0.2341,2.9648
TCGA-A8-A07C,-13.0144,8.9335,2.785,4.5352,0.48409
TCGA-A8-A07E,-0.5896,-6.779,-1.318,0.53568,1.0704
TCGA-A8-A07F,2.9125,-0.64645,-1.0294,1.6663,0.090578
TCGA-A8-A07G,1.2041,-7.6692,-1.8068,-0.67203,2.3868
TCGA-A8-A07I,1.6852,0.16446,-3.5147,5.7021,0.86006
TCGA-A8-A07J,4.2571,-2,-0.3127,9.2032,-1.2904
TCGA-A8-A07L,2.9073,7.0839,-0.29264,5.3084,3.6238
TCGA-A8-A07O,-11.6011,7.9545,-0.2052,0.65749,0.77808
TCGA-A8-A07P,8.3258,0.94523,0.38051,-0.048166,0.53286
TCGA-A8-A07R,-14.4657,5.4607,2.4419,-1.7551,1.5803
TCGA-A8-A07S,6.9921,1.8479,0.41067,-2.2331,-0.028365
TCGA-A8-A07U,-10.256,-1.3703,-2.9874,2.4795,-6.3807
TCGA-A8-A07W,4.0609,3.2598,-3.5222,3.5043,1.1222
TCGA-A8-A07Z,6.3721,4.7589,2.4333,-1.9447,-1.3658
TCGA-A8-A081,1.7035,4.5801,-4.5176,-3.4943,-4.9892
TCGA-A8-A082,7.0871,5.5178,-1.8377,2.2704,3.703
TCGA-A8-A083,8.8863,8.0259,0.18906,-2.3744,-3.3171
TCGA-A8-A084,2.1138,-2.4559,-5.7314,-4.07,0.65796
TCGA-A8-A085,8.2726,8.5141,0.47648,4.6871,6.0569
TCGA-A8-A086,4.4895,-1.5893,4.0035,3.1607,4.125
TCGA-A8-A08A,7.195,0.93713,-3.2089,0.19943,0.29467
TCGA-A8-A08B,-1.4877,1.0882,-6.5795,-7.5965,-1.7859
TCGA-A8-A08C,4.9832,3.4029,-2.3035,-0.79141,0.14201
TCGA-A8-A08F,4.9116,5.4897,-5.0502,4.7955,0.030115
TCGA-A8-A08G,5.2835,3.419,0.40218,3.3017,-0.050699
TCGA-A8-A08H,-4.6709,-6.1492,0.60816,5.0784,-2.6084
TCGA-A8-A08I,3.4936,3.8637,-0.36001,-0.040115,-8.5917
TCGA-A8-A08J,3.4962,0.71337,-4.44,0.88146,2.8744
TCGA-A8-A08L,-0.88273,3.6983,-4.05,0.93605,-0.12683
TCGA-A8-A08O,3.2016,-2.3129,6.6394,2.9613,3.3927
TCGA-A8-A08P,0.12735,0.98835,-5.4817,1.4478,-1.0426
TCGA-A8-A08R,-14.1308,2.838,0.1627,4.8049,0.28234
TCGA-A8-A08T,5.5346,0.89121,-1.2737,0.57416,0.87798
TCGA-A8-A08X,-8.7686,-0.47146,-7.7922,1.1821,3.4909
TCGA-A8-A08Z,1.4568,-1.0192,-2.5804,7.5933,2.6104
TCGA-A8-A090,3.155,1.3063,1.5174,4.9993,-0.62826
TCGA-A8-A091,6.9618,2.885,3.7178,3.1662,-0.68747
TCGA-A8-A092,2.8844,0.59652,-2.6737,-2.0926,1.4366
TCGA-A8-A093,7.8835,-0.14723,2.4726,2.9168,2.4452
TCGA-A8-A094,-2.8371,-1.4686,-7.8189,-4.0153,-0.16932
TCGA-A8-A095,3.6562,-4.5589,0.58104,-3.1283,-0.21552
TCGA-A8-A096,6.5709,-0.3649,-3.5046,5.2941,0.15044
TCGA-A8-A097,-0.3046,-4.8024,-0.22016,2.4378,2.093
TCGA-A8-A099,9.6121,4.7765,-3.0436,-0.51723,-0.0621
TCGA-A8-A09A,0.8154,-2.9269,4.0142,3.3881,1.0349
TCGA-A8-A09B,7.0674,-3.6967,2.167,-0.11526,0.72271
TCGA-A8-A09C,6.6716,1.9246,0.44978,1.2625,1.3215
TCGA-A8-A09D,2.7726,0.070181,-2.3634,7.8949,-0.95084
TCGA-A8-A09G,-0.68213,0.5609,-6.7164,-4.1129,-4.4414
TCGA-A8-A09I,2.2204,1.5656,-6.7248,-1.0042,-0.9787
TCGA-A8-A09M,6.319,7.5175,-2.65,2.8127,-2.9915
TCGA-A8-A09N,5.2209,3.4265,-1.0034,0.51048,-0.43451
TCGA-A8-A09Q,6.1802,2.1889,-2.9605,3.6567,-2.0957
TCGA-A8-A09R,4.1731,0.26973,-1.2334,4.3892,0.54772
TCGA-A8-A09T,4.5247,0.14235,0.80385,-0.08647,4.0183
TCGA-A8-A09V,8.0051,-0.90961,3.2846,2.4421,2.4173
TCGA-A8-A09W,4.7158,2.9382,-6.9347,1.8955,-1.8057
TCGA-A8-A09X,-2.5881,0.23298,-10.4554,0.066235,-2.3065
TCGA-A8-A09Z,3.0119,11.3383,-5.4324,3.2391,-3.2223
TCGA-A8-A0A1,6.2513,-4.8665,-1.1119,2.7322,-3.8971
TCGA-A8-A0A2,6.741,0.53428,1.5423,1.7934,2.2476
TCGA-A8-A0A4,1.002,-5.1163,4.9032,-2.4486,-0.053931
TCGA-A8-A0A6,0.14191,-7.3047,-0.07217,-4.0014,-3.7033
TCGA-A8-A0A7,-3.4237,-2.5284,-5.6633,3.785,-3.1067
TCGA-A8-A0A9,6.9639,2.6622,-3.7749,3.7239,0.81008
TCGA-A8-A0AB,4.3124,0.61859,2.9287,-1.0581,3.6569
TCGA-A8-A0AD,9.7493,1.43,-1.4313,4.6474,2.395
TCGA-AN-A03X,6.6821,-2.4849,-4.7938,4.2825,3.3022
TCGA-AN-A03Y,3.8505,3.6503,-1.5398,0.55335,-1.5084
TCGA-AN-A041,3.9555,1.9461,0.47616,4.292,3.1671
TCGA-AN-A046,4.2279,-2.1348,-3.3967,0.77204,-1.6989
TCGA-AN-A049,4.4402,-2.6983,0.20746,1.3874,-1.2555
TCGA-AN-A04A,1.8802,-5.034,2.0166,-0.71429,5.3268
TCGA-AN-A04C,-4.8453,0.67339,-5.9401,-8.1719,0.7254
TCGA-AN-A04D,-11.9102,10.4083,3.0307,-4.425,4.2595
TCGA-AN-A0AJ,1.107,5.0751,-5.4142,3.2947,-2.0644
TCGA-AN-A0AK,3.9043,11.796,-3.2402,0.22156,0.25458
TCGA-AN-A0AL,-10.5437,-1.0761,-0.50792,1.888,0.67493
TCGA-AN-A0AM,-1.9955,-1.1229,-4.7058,-3.3836,1.0288
TCGA-AN-A0AR,-11.9099,6.8587,5.5818,-2.5339,3.4166
TCGA-AN-A0AS,0.4292,-0.50729,-7.7299,1.1522,3.058
TCGA-AN-A0AT,-16.3314,5.9084,4.2014,0.41195,2.1774
TCGA-AN-A0FD,3.4014,-0.47454,0.32858,1.83,3.5031
TCGA-AN-A0FF,8.4472,1.0306,0.51194,3.0405,-3.4323
TCGA-AN-A0FJ,-14.1332,3.8184,5.2737,1.4395,5.0869
TCGA-AN-A0FK,9.6622,2.7378,-3.0323,-3.6722,-0.65928
TCGA-AN-A0FL,-9.6625,6.0082,-0.81967,-6.1149,1.5872
TCGA-AN-A0FN,2.8256,-8.4859,-2.6201,5.4629,-0.62322
TCGA-AN-A0FS,4.316,-7.1214,4.4793,-0.91928,0.19304
TCGA-AN-A0FT,2.9628,0.48587,-7.4942,-1.8659,1.8177
TCGA-AN-A0FV,-1.2338,-0.14519,-5.7787,-1.8097,6.2625
TCGA-AN-A0FW,5.1383,-0.064201,3.6244,-0.4886,-1.1616
TCGA-AN-A0FX,-12.3451,-3.1979,5.7657,0.15531,3.5621
TCGA-AN-A0FY,2.3275,2.1316,0.87775,4.3824,2.2126
TCGA-AN-A0FZ,4.18,2.1752,0.43528,1.8526,3.0712
TCGA-AN-A0G0,-10.8197,6.4334,-0.18231,2.2395,3.1443
TCGA-AN-A0XL,3.3898,-6.0297,3.2794,1.7468,-0.84738
TCGA-AN-A0XN,-0.61988,-3.0317,-5.7655,6.7866,4.6835
TCGA-AN-A0XO,2.1541,-5.1824,0.88307,-3.4241,5.5555
TCGA-AN-A0XP,8.2201,0.15236,-2.7063,-2.0618,-0.2761
TCGA-AN-A0XR,7.2083,4.1256,-3.3438,-2.0308,1.6203
TCGA-AN-A0XS,3.7788,-4.2583,0.027361,4.3456,0.29379
TCGA-AN-A0XT,5.7696,2.0036,5.7377,-0.28548,-1.4581
TCGA-AN-A0XU,-15.1565,3.2969,2.3644,0.50021,0.62343
TCGA-AN-A0XV,4.1719,-4.5531,0.58924,0.67575,-1.0917
TCGA-AN-A0XW,1.4863,-4.42,-2.1447,2.2846,2.5172
TCGA-AO-A03L,2.4009,-2.9868,-0.049178,-0.93674,0.74736
TCGA-AO-A03O,0.48533,5.0982,-2.926,0.25169,-5.6403
TCGA-AO-A03P,5.0292,9.2874,1.3418,2.3935,1.382
TCGA-AO-A03R,0.805,-2.3227,4.8461,-5.3477,-4.4298
TCGA-AO-A03T,2.0563,-3.2415,3.7807,-6.5902,-2.3485
TCGA-AO-A03V,3.1369,-0.747,2.9637,-0.2097,-0.28726
TCGA-AO-A0J2,-5.7632,1.4293,-9.8528,-5.4207,-1.7196
TCGA-AO-A0J3,7.3134,13.4062,4.2182,-0.26248,-0.86657
TCGA-AO-A0J4,-15.8918,0.41463,3.4671,2.485,1.4169
TCGA-AO-A0J6,-15.9334,4.67,0.34214,-2.8197,-3.1955
TCGA-AO-A0J7,6.4232,5.1064,3.5041,-1.993,2.2357
TCGA-AO-A0J8,5.0839,-2.4049,-3.5953,0.43389,-1.8868
TCGA-AO-A0J9,-0.33714,-6.0941,1.2723,2.121,-3.4461
TCGA-AO-A0JA,2.4849,-5.1711,-0.85143,0.77186,0.60987
TCGA-AO-A0JB,-3.3221,-5.5251,1.0663,-9.419,-0.48594
TCGA-AO-A0JC,-3.9084,-0.23122,1.6179,2.1043,-8.6889
TCGA-AO-A0JD,-1.4629,0.8906,1.5484,-4.883,-3.2135
TCGA-AO-A0JE,-2.6248,-7.4983,-9.0086,-1.8752,1.043
TCGA-AO-A0JF,3.8838,-8.6738,0.40714,2.1959,-1.3691
TCGA-AO-A0JG,2.6665,-1.7377,4.8097,1.4122,-2.8197
TCGA-AO-A0JI,8.3265,6.8303,7.1323,0.92407,-2.8781
TCGA-AO-A0JJ,2.4184,-7.8496,3.3231,-1.3366,-3.9828
TCGA-AO-A0JL,-10.5434,1.4695,3.7031,-3.8117,2.6257
TCGA-AO-A0JM,5.3616,-0.74501,-5.5157,1.4204,2.3895
TCGA-AO-A124,-16.7175,4.3923,3.975,-4.0676,1.2915
TCGA-AO-A125,8.7957,8.6647,1.3248,-11.0938,-1.3963
TCGA-AO-A126,5.6436,0.51231,-3.1775,2.3971,3.0997
TCGA-AO-A128,-10.913,5.8806,-4.4931,3.2242,-9.7622
TCGA-AO-A129,-14.5605,0.079234,0.80432,-0.61345,-0.8315
TCGA-AO-A12A,1.4072,-8.524,4.7979,-1.9929,-1.4536
TCGA-AO-A12B,9.2024,9.3434,1.6319,-2.4786,-3.0663
TCGA-AO-A12C,4.0182,-3.5173,3.5102,2.5387,4.854
TCGA-AO-A12D,-5.0592,-5.2715,-9.956,-2.6645,0.65461
TCGA-AO-A12E,2.9481,-7.0771,4.4186,-3.7472,-4.0714
TCGA-AO-A12F,-12.3133,0.73601,4.5156,1.8208,3.0638
TCGA-AO-A12G,3.0437,-3.3787,-0.18974,-2.8855,2.253
TCGA-AO-A12H,9.9444,9.9911,2.1225,1.3595,-0.18582
TCGA-AQ-A04J,-13.2963,-4.5042,3.0676,-0.7502,-1.404
TCGA-AR-A0TP,-13.1808,5.5353,6.6579,-0.18678,7.2886
TCGA-AR-A0TQ,3.0806,2.9845,-0.60963,3.2396,-2.4746
TCGA-AR-A0TR,11.3541,12.7488,4.4844,-4.0955,-5.8717
TCGA-AR-A0TS,-13.8651,-0.0033902,4.3487,4.8914,-1.568
TCGA-AR-A0TT,0.068297,2.692,-5.2083,8.0745,-3.8916
TCGA-AR-A0TU,-15.8228,11.5783,1.1338,0.78447,-5.1128
TCGA-AR-A0TV,5.4196,12.3577,-0.5758,4.7709,-4.2538
TCGA-AR-A0TW,3.3819,8.9261,-3.4532,3.3205,-1.3421
TCGA-AR-A0TX,-0.52954,-1.9314,-7.1243,1.8531,-3.3117
TCGA-AR-A0TY,1.7635,7.3733,1.0873,0.49329,1.4072
TCGA-AR-A0TZ,6.7094,5.5887,2.8346,4.9524,2.2009
TCGA-AR-A0U0,-14.6392,5.2645,-2.6878,-0.15372,-2.6996
TCGA-AR-A0U2,4.2404,9.4606,-0.56431,3.1165,-1.3039
TCGA-AR-A0U3,4.8547,2.1504,0.85287,-2.0008,-1.7361
TCGA-AR-A0U4,-12.3576,3.0889,-1.1239,4.6558,-5.119
TCGA-AR-A1AH,-12.2539,6.2635,1.1256,-0.19363,3.1904
TCGA-AR-A1AI,-15.1998,6.5928,0.17338,0.72674,-3.9568
TCGA-AR-A1AJ,-13.2804,-0.98362,-0.70664,5.686,-7.0929
TCGA-AR-A1AK,1.8233,-5.5444,3.6409,-0.55171,-4.5413
TCGA-AR-A1AL,1.2652,-8.1106,5.2264,-0.52628,-1.045
TCGA-AR-A1AN,5.5078,-3.5409,-2.5451,2.7423,-0.74973
TCGA-AR-A1AO,-7.6344,-8.9565,-2.2193,-0.05011,-3.9031
TCGA-AR-A1AP,0.57881,-3.6624,-1.0594,0.23599,-0.50809
TCGA-AR-A1AQ,-15.1276,1.8993,-1.5078,0.78294,-1.9346
TCGA-AR-A1AR,-11.5014,2.3249,0.46165,8.4923,-4.6521
TCGA-AR-A1AS,2.6918,0.14368,-4.1939,-5.7586,6.4067
TCGA-AR-A1AT,-1.6479,-1.1165,-9.4228,-2.5765,-2.4792
TCGA-AR-A1AU,0.95775,-5.7869,5.7753,0.64408,0.21921
TCGA-AR-A1AV,10.2748,2.3096,-0.52424,2.2431,1.6684
TCGA-AR-A1AW,0.42955,0.090864,-2.9992,5.3323,-6.9621
TCGA-AR-A1AX,-0.60958,-4.8041,-1.6123,-0.082955,-3.4337
TCGA-AR-A1AY,-14.6263,1.0248,4.4811,1.6155,1.9936
TCGA-B6-A0I2,-15.6002,6.3741,-1.9264,-2.5188,-5.4784
TCGA-B6-A0I5,0.92368,-4.9629,-1.4614,-7.2422,2.704
TCGA-B6-A0I6,-13.6765,2.0599,3.3447,1.6598,6.3439
TCGA-B6-A0I8,5.5562,1.995,-0.16785,-1.1793,2.4834
TCGA-B6-A0I9,-0.53333,3.7151,-1.6753,-1.3596,-0.4263
TCGA-B6-A0IA,6.8279,4.6323,0.34405,-10.5774,2.525
TCGA-B6-A0IB,6.883,3.889,-1.2611,-4.6,-0.024321
TCGA-B6-A0IC,10.8714,13.1601,4.1343,-4.5125,-1.5489
TCGA-B6-A0IE,1.0345,-1.0724,3.066,-5.5923,0.74033
TCGA-B6-A0IG,0.98444,-2.0073,-2.1575,-4.9733,-0.025537
TCGA-B6-A0IH,-0.14891,-7.0289,2.9137,-0.40149,-2.1623
TCGA-B6-A0IJ,-15.1339,4.0143,0.12479,-1.9171,-3.7114
TCGA-B6-A0IK,-2.777,-3.4682,-1.51,-5.7153,1.1114
TCGA-B6-A0IM,7.8696,4.4329,1.7197,8.0752,1.2134
TCGA-B6-A0IN,4.5683,-0.38717,-0.71654,1.2689,-2.1371
TCGA-B6-A0IO,3.6255,2.4758,2.5497,-3.3387,-0.79098
TCGA-B6-A0IP,2.2921,-3.124,3.3762,-3.2605,0.27788
TCGA-B6-A0IQ,-15.8648,5.1183,2.3861,-3.0203,0.67797
TCGA-B6-A0RE,-15.9533,0.57261,2.1736,-1.8419,3.4208
TCGA-B6-A0RG,2.8663,-0.04008,3.6694,-1.4432,3.9626
TCGA-B6-A0RH,-1.2308,-4.4218,-7.4368,-5.3539,2.5546
TCGA-B6-A0RI,4.4416,-3.565,0.70804,2.0239,5.127
TCGA-B6-A0RL,6.1708,17.3093,4.5072,-5.5945,-1.1697
TCGA-B6-A0RM,8.9505,6.3676,0.9879,0.72927,1.5281
TCGA-B6-A0RN,5.2819,-0.42673,-0.7716,3.2395,3.9865
TCGA-B6-A0RO,4.3661,-1.1362,1.8218,-8.4386,-1.3539
TCGA-B6-A0RP,9.2337,-1.0716,-2.2894,3.488,-0.27407
TCGA-B6-A0RQ,-1.8002,-7.3864,8.8893,-6.9561,-0.50931
TCGA-B6-A0RS,-5.3007,-3.2459,-6.7396,-3.3756,-0.35295
TCGA-B6-A0RT,-11.8009,-0.75506,0.72532,2.3195,-6.2829
TCGA-B6-A0RU,-10.0042,-3.3739,6.6807,-1.6479,0.070148
TCGA-B6-A0RV,2.959,-3.5651,3.4642,-3.6708,-2.6618
TCGA-B6-A0WS,4.3612,-2.7182,-1.7501,1.8392,-0.77069
TCGA-B6-A0WT,5.6561,-2.8793,2.9942,1.959,3.5298
TCGA-B6-A0WV,5.541,3.7474,5.0216,-0.95199,1.8109
TCGA-B6-A0WW,3.8353,2.2396,-1.1033,1.9332,1.309
TCGA-B6-A0WX,-10.7002,-5.6881,1.8789,0.87924,2.3387
TCGA-B6-A0WY,-1.8163,-6.2747,2.8788,-2.6053,1.1413
TCGA-B6-A0WZ,5.9832,-2.1387,-2.8004,-6.7246,3.0178
TCGA-B6-A0X0,1.9739,0.21454,2.5916,-7.568,1.7188
TCGA-B6-A0X1,-12.9493,8.1572,-0.61322,-0.7222,-5.09
TCGA-B6-A0X4,8.8051,7.009,6.049,-7.1193,1.0395
TCGA-B6-A0X5,6.8387,7.4258,-3.3023,-3.0779,1.9964
TCGA-B6-A0X7,2.9957,-4.8039,2.7303,0.67468,0.55793
TCGA-BH-A0AU,4.0737,-0.27137,1.2175,4.7903,-0.057095
TCGA-BH-A0AV,-13.2641,-1.0714,1.9952,7.3256,5.488
TCGA-BH-A0AW,-4.5713,-4.2471,-6.6567,-2.6743,-1.2942
TCGA-BH-A0AY,2.6855,-2.176,-5.1548,4.2829,-1.4664
TCGA-BH-A0AZ,1.8345,-10.2722,0.21279,0.74357,1.7623
TCGA-BH-A0B0,0.65425,-8.1797,-2.9159,0.45022,-2.6261
TCGA-BH-A0B1,1.5495,-3.9779,2.4828,0.28893,-0.055975
TCGA-BH-A0B3,-14.5939,-1.9257,-0.39715,1.866,1.0001
TCGA-BH-A0B4,1.3435,-1.8885,1.0193,2.6791,2.669
TCGA-BH-A0B5,2.2858,-4.3852,1.3183,1.9104,-0.66471
TCGA-BH-A0B7,-3.3377,-8.0477,-5.3646,-1.8371,-1.615
TCGA-BH-A0B8,4.7595,-0.12519,3.9373,0.31944,-0.078389
TCGA-BH-A0B9,-15.1313,3.9875,3.0278,-2.3948,-3.9114
TCGA-BH-A0BA,2.8089,-6.8211,2.3275,-3.8433,-3.5413
TCGA-BH-A0BC,1.9961,-3.5098,3.3774,1.1779,-2.1828
TCGA-BH-A0BD,0.50128,-5.286,0.32323,0.016845,-2.197
TCGA-BH-A0BF,-2.2123,-4.6705,-5.1539,5.3572,-1.0913
TCGA-BH-A0BG,-14.4755,0.37851,3.4134,2.8455,-2.8998
TCGA-BH-A0BJ,3.1808,-4.9028,4.4386,0.77808,-0.55952
TCGA-BH-A0BL,-12.1006,-6.7091,0.92476,4.6448,-0.64915
TCGA-BH-A0BM,1.1229,-10.7454,3.0061,-5.97,-1.8897
TCGA-BH-A0BO,0.80903,-10.1424,3.3455,-0.24657,-1.936
TCGA-BH-A0BP,1.1803,-9.0495,1.9778,-0.26636,-0.23792
TCGA-BH-A0BQ,-0.78285,-9.3907,0.70129,-1.1414,0.57013
TCGA-BH-A0BR,-0.43021,-7.1966,-5.5887,-0.15472,1.5702
TCGA-BH-A0BS,5.2728,1.0952,2.8586,-3.85,-2.1188
TCGA-BH-A0BT,0.10057,-2.7554,-2.0647,-3.2622,-0.035165
TCGA-BH-A0BV,6.9711,-0.55442,0.61564,0.87902,-1.476
TCGA-BH-A0BW,-12.886,2.9678,1.7182,4.4136,-3.8362
TCGA-BH-A0BZ,-1.0158,-0.11161,-4.5906,4.5679,0.42502
TCGA-BH-A0C0,-2.1684,-0.37991,-4.3513,-1.9132,-4.2796
TCGA-BH-A0C3,2.0869,-2.9797,0.78747,6.3562,-2.9118
TCGA-BH-A0DD,7.1855,5.9835,-0.5056,3.307,0.19922
TCGA-BH-A0DE,2.5406,-6.778,4.2864,1.2144,-1.5599
TCGA-BH-A0DG,1.469,-7.6158,-0.3041,0.43271,-0.59264
TCGA-BH-A0DH,6.7559,-2.3108,0.76573,-2.5568,-0.59048
TCGA-BH-A0DI,-1.1617,-9.4836,0.14933,2.7434,1.3793
TCGA-BH-A0DK,-0.27366,-7.1436,2.2231,0.825,-2.2545
TCGA-BH-A0DL,-13.9778,0.20907,-1.4965,-1.7104,-2.4528
TCGA-BH-A0DP,1.2007,-8.9581,3.0781,-0.25217,-0.9171
TCGA-BH-A0DQ,4.0587,-7.1256,2.1028,2.3355,0.92357
TCGA-BH-A0DS,3.973,-3.1742,-4.5642,0.60236,-0.49304
TCGA-BH-A0DT,1.5623,-7.5484,3.249,-0.96893,-0.47488
TCGA-BH-A0DX,1.0188,-5.8561,-2.5684,2.5692,-1.3242
TCGA-BH-A0DZ,-1.2069,-3.7267,-3.9127,0.18981,3.7415
TCGA-BH-A0E0,-8.2844,6.0433,0.070308,-5.3713,1.334
TCGA-BH-A0E1,5.8209,-3.949,3.4129,-5.3288,0.79301
TCGA-BH-A0E2,2.025,-2.7763,2.9122,1.1716,3.066
TCGA-BH-A0E6,-12.5324,-2.2946,2.1077,-4.7044,-0.13756
TCGA-BH-A0E7,9.5594,3.6843,1.1979,1.6784,3.7629
TCGA-BH-A0EA,0.99392,-8.5975,4.7351,0.50137,-1.3403
TCGA-BH-A0EB,4.5451,-3.4278,0.4598,0.089422,-0.51573
TCGA-BH-A0EE,-5.9896,5.8824,-10.1472,-11.2235,-4.5087
TCGA-BH-A0EI,4.1446,-0.62909,3.0856,5.6902,5.3279
TCGA-BH-A0GY,-2.5294,-4.2351,0.15312,-0.29794,0.317
TCGA-BH-A0GZ,3.0809,-3.7548,1.572,-1.0134,2.8988
TCGA-BH-A0H0,6.9815,8.7591,3.2318,0.32352,-3.3554
TCGA-BH-A0H3,1.3096,-6.1235,4.5283,2.93,-0.54556
TCGA-BH-A0H5,0.28581,-6.3298,1.3559,-1.5341,-7.9194
TCGA-BH-A0H6,5.5612,-1.5493,-0.47088,2.8108,4.7862
TCGA-BH-A0H7,1.0171,-2.3099,-1.0845,1.72,4.4773
TCGA-BH-A0H9,2.8135,-1.512,2.9936,-2.517,-0.9654
TCGA-BH-A0HA,3.7673,-3.4921,1.7003,2.4495,0.43861
TCGA-BH-A0HB,1.543,-2.2448,1.8672,-1.288,-0.049001
TCGA-BH-A0HF,0.55773,-9.9543,1.6218,-3.1894,-0.7105
TCGA-BH-A0HI,7.8595,-3.5246,0.70383,-2.3523,0.25917
TCGA-BH-A0HK,-0.92276,-5.6159,1.9563,-1.313,-1.4947
TCGA-BH-A0HL,9.1545,12.3181,3.0884,1.881,3.1252
TCGA-BH-A0HN,8.5674,8.735,-2.9859,-7.89,0.63429
TCGA-BH-A0HO,8.0868,0.73942,1.243,-0.067604,-3.8204
TCGA-BH-A0HP,0.79877,-6.9906,1.4921,-3.576,-1.2927
TCGA-BH-A0HQ,2.9323,-6.8364,1.0344,-3.1239,3.2228
TCGA-BH-A0HU,3.4904,1.9966,-1.4938,-4.1507,-0.11697
TCGA-BH-A0HW,8.7925,13.8032,5.365,0.62676,2.4512
TCGA-BH-A0HX,3.1407,-2.2981,3.7201,2.8775,2.2472
TCGA-BH-A0HY,1.5655,-0.28527,-4.1586,-0.15073,4.285
TCGA-BH-A0RX,-11.3182,-3.8361,0.99154,0.65391,-2.4334
TCGA-BH-A0W3,10.7062,4.9442,1.253,-3.5912,-3.1152
TCGA-BH-A0W4,3.1639,-5.3441,4.9165,1.9986,2.5632
TCGA-BH-A0W5,1.9012,-6.811,2.0955,0.21988,-1.5959
TCGA-BH-A0W7,1.727,-6.1045,-2.1381,-0.21757,-1.0948
TCGA-BH-A0WA,-16.0391,1.0982,3.5442,2.1641,3.6589
TCGA-BH-A18F,0.14118,-6.7126,0.97341,1.0716,-1.5749
TCGA-BH-A18G,-13.0371,3.2118,-2.3458,-2.5886,3.0306
TCGA-BH-A18H,3.8509,0.50239,-0.37175,0.1992,-2.5036
TCGA-BH-A18I,3.1108,-6.318,1.1012,2.8123,0.092785
TCGA-BH-A18J,0.72758,-1.8824,-2.974,-0.92532,3.3714
TCGA-BH-A18K,2.605,-5.1739,-1.4888,-2.4773,1.1854
TCGA-BH-A18L,6.559,9.5341,2.7162,0.034851,-4.4915
TCGA-BH-A18M,3.2036,-6.5656,3.8789,2.4606,-1.062
TCGA-BH-A18N,8.3746,6.0792,6.167,3.6147,2.8151
TCGA-BH-A18P,1.221,-0.42215,-2.9419,0.78215,0.65181
TCGA-BH-A18Q,-9.7025,-3.8609,5.8012,-3.1547,-3.7291
TCGA-BH-A18R,-1.3797,2.4902,0.69221,-0.81928,-0.96202
TCGA-BH-A18S,9.3837,5.4376,-1.2353,-4.5343,-2.3304
TCGA-BH-A18T,-15.0758,6.2172,2.2337,0.87094,-0.23366
TCGA-BH-A18U,2.2951,0.5324,-6.5926,0.79202,-0.11842
TCGA-BH-A18V,-15.1744,1.4313,0.7752,4.444,-0.65696
TCGA-BH-A1EO,3.4795,-3.5201,-2.1074,8.4868,1.1688
TCGA-BH-A1ES,2.5601,0.67502,4.2685,1.6254,7.3735
TCGA-BH-A1ET,8.1326,-3.6602,2.3331,-1.9859,-2.0568
TCGA-BH-A1EU,3.8616,-7.407,4.1321,2.8319,-6.5454
TCGA-BH-A1EV,2.1165,-1.544,-6.8821,-2.0763,4.4969
TCGA-BH-A1EW,2.8656,-2.2372,0.47774,1.1655,-4.087
TCGA-BH-A1F0,-12.0839,-3.8326,1.7495,3.8386,-5.8141
TCGA-C8-A12K,-13.3802,3.2807,-0.82685,1.9606,-4.4452
TCGA-C8-A12L,-7.9209,0.96879,-5.209,-3.6802,3.6475
TCGA-C8-A12M,6.2073,13.2933,0.93356,5.1959,0.035359
TCGA-C8-A12N,4.1471,-2.8273,-2.137,0.6867,3.5512
TCGA-C8-A12O,1.3884,-3.9186,-2.1516,0.70937,3.7342
TCGA-C8-A12P,-4.8203,0.91959,-9.5909,0.59556,3.8699
TCGA-C8-A12Q,-2.8713,-5.3116,-6.3889,-2.3399,0.94801
TCGA-C8-A12T,0.42467,-0.59667,-3.1126,1.7785,7.1109
TCGA-C8-A12U,2.9359,12.5884,-2.0106,-0.70068,-3.3028
TCGA-C8-A12V,-11.8728,-0.011537,1.4348,2.1183,-6.5796
TCGA-C8-A12W,1.5262,-0.2043,-1.841,3.2135,4.0442
TCGA-C8-A12X,6.8962,7.891,-2.3771,0.05675,-1.3514
TCGA-C8-A12Y,3.294,-1.2783,0.29475,-2.957,1.711
TCGA-C8-A12Z,-1.3169,-0.092614,-10.0645,-6.2054,4.4908
TCGA-C8-A130,0.13413,0.29399,-0.82453,0.13766,1.7235
TCGA-C8-A131,-9.3036,-2.2235,-8.1347,-3.3544,4.7445
TCGA-C8-A132,-1.4678,-6.4204,0.82762,-0.1523,1.2843
TCGA-C8-A133,8.7451,13.8643,1.1366,-7.715,-3.1973
TCGA-C8-A134,-14.0657,3.4022,3.9229,1.9511,-1.224
TCGA-C8-A135,-5.1369,-3.7067,-4.1818,-2.0899,1.175
TCGA-C8-A137,-1.2982,3.0878,-5.5221,-0.45658,6.2444
TCGA-C8-A138,-1.7058,-5.1605,-3.5053,-2.5438,-0.46784
TCGA-C8-A1HF,-2.6123,2.6256,-9.3933,1.0657,2.2903
TCGA-C8-A1HG,1.3052,4.2601,0.14026,2.6386,-1.6137
TCGA-C8-A1HI,3.7521,-4.2915,3.423,-5.6034,0.7728
TCGA-C8-A1HL,4.0448,1.8304,-3.1221,-2.3509,2.3124
TCGA-C8-A1HM,0.69013,8.1434,-4.9532,1.5291,-6.7402
TCGA-C8-A1HN,5.2236,9.3762,-1.5564,2.348,1.8194
TCGA-D8-A13Y,2.267,11.2066,0.70421,2.0191,3.5821
TCGA-D8-A13Z,-7.7554,-2.5805,-4.801,-2.0356,1.5776
TCGA-D8-A140,5.8106,5.016,2.5506,5.639,-2.4444
TCGA-D8-A141,0.97983,-6.4468,-4.2965,4.4005,-0.533
TCGA-D8-A142,-11.1516,-1.776,0.2856,2.356,5.0315
TCGA-D8-A143,-10.3179,3.2004,-2.0752,-3.3295,1.2885
TCGA-D8-A145,2.425,-6.907,4.2045,-0.64615,-1.5907
TCGA-D8-A147,-14.671,3.8674,4.5981,2.9209,0.65616
TCGA-E2-A105,4.7912,4.9097,4.356,0.064175,0.53707
TCGA-E2-A106,8.8865,2.8701,5.6096,-4.5939,1.5822
TCGA-E2-A107,3.9088,0.37224,1.435,-6.472,-1.2366
TCGA-E2-A108,-3.7809,-9.8434,-0.48419,2.5989,-5.2458
TCGA-E2-A109,5.4588,5.8913,-1.3468,4.0088,0.8372
TCGA-E2-A10A,8.9862,3.4846,0.10096,3.2693,0.66916
TCGA-E2-A10B,6.1832,-2.7663,1.4929,0.040919,-2.558
TCGA-E2-A10C,3.9544,1.2402,-7.0771,-3.4266,-3.3775
TCGA-E2-A10E,5.5888,-3.5883,0.23626,-1.8226,-2.3731
TCGA-E2-A10F,3.1006,-5.0686,1.3522,5.0961,0.61864
TCGA-E2-A14N,-14.1503,5.3179,1.6381,-1.1713,-4.4958
TCGA-E2-A14O,8.4041,3.9339,-2.8678,-2.1728,-0.13098
TCGA-E2-A14P,-6.2452,1.5773,-4.2581,-3.6549,-1.4547
TCGA-E2-A14Q,3.553,-5.5559,5.8034,-4.0059,-1.2029
TCGA-E2-A14R,-15.4117,7.4644,-1.5414,-0.95756,-2.3075
TCGA-E2-A14S,6.9437,6.9329,2.9799,1.4657,-2.3895
TCGA-E2-A14T,4.2705,2.6522,4.0573,0.9786,-0.88089
TCGA-E2-A14V,0.50731,-1.8832,-0.49642,-3.1208,3.4654
TCGA-E2-A14W,5.9266,8.1703,-1.54,-0.69439,5.0378
TCGA-E2-A14X,-13.382,-0.57846,2.6176,-2.1436,-0.96183
TCGA-E2-A14Y,-15.0079,2.7992,-2.472,-5.3073,3.5143
TCGA-E2-A14Z,-0.8122,-4.6495,-0.56184,-1.1781,-3.1929
TCGA-E2-A150,-14.0936,1.1407,1.5425,2.9072,-0.12771
TCGA-E2-A152,-1.2865,-2.6169,-7.7225,-0.92776,6.648
TCGA-E2-A153,3.7079,-5.5258,-4.0239,2.1081,5.1232
TCGA-E2-A154,5.6547,0.73339,-0.49751,-1.0522,3.6543
TCGA-E2-A155,8.1379,10.5284,0.7674,3.8945,-0.17426
TCGA-E2-A156,10.838,7.3721,2.5404,-1.291,0.54061
TCGA-E2-A158,-14.1408,10.0242,6.2019,-2.5534,2.8147
TCGA-E2-A159,-10.6213,-1.6614,-5.1744,-2.3853,0.54025
TCGA-E2-A15A,2.9063,2.7565,-2.8468,2.4038,1.1849
TCGA-E2-A15C,4.3278,-4.9386,2.074,0.3066,2.0544
TCGA-E2-A15D,3.9077,-2.1129,-0.58619,2.9638,-0.49373
TCGA-E2-A15E,0.83876,-7.5634,3.8878,-3.8835,0.73477
TCGA-E2-A15F,4.6309,-0.11044,5.2305,1.1879,-1.821
TCGA-E2-A15G,11.1356,1.7296,1.0075,-2.4033,-1.2589
TCGA-E2-A15H,2.5179,-1.7643,0.62111,-2.7173,3.2263
TCGA-E2-A15I,3.8804,-3.5234,3.1545,-1.2053,-2.7495
TCGA-E2-A15J,6.2227,4.5761,-2.4073,-1.7849,1.8556
TCGA-E2-A15K,5.6995,1.2291,-2.1576,-0.12709,-1.8714
TCGA-E2-A15L,5.5594,-1.5942,-0.61767,1.1777,3.4643
TCGA-E2-A15M,1.9155,-5.5647,1.1073,3.2167,-5.7616
TCGA-E2-A15O,3.6042,2.0499,3.4077,-1.5232,-1.2648
TCGA-E2-A15P,4.3087,-2.7843,4.8712,-0.86022,-1.6152
TCGA-E2-A15R,6.2543,6.9446,5.943,1.743,3.0426
TCGA-E2-A15S,4.5432,8.6999,5.5234,-0.82463,-0.32632
TCGA-E2-A15T,7.114,6.5435,3.7882,0.94459,-0.2368
TCGA-E2-A1AZ,-11.5647,0.90329,1.6515,5.8697,-1.4484
TCGA-E2-A1B0,-7.631,-2.1384,-6.2146,0.7186,1.8156
TCGA-E2-A1B1,-1.1597,-9.727,0.86605,1.2177,-2.563
TCGA-E2-A1B4,6.0061,-2.5381,2.208,-6.4937,2.7399
TCGA-E2-A1B5,0.24058,-4.1537,0.84048,-1.9912,-7.4938
TCGA-E2-A1B6,-13.5091,1.3454,2.0531,-3.2764,-4.5919
TCGA-E2-A1BC,4.2267,-4.9699,0.26357,3.5773,0.62323
TCGA-E2-A1BD,2.6753,-4.4004,-0.011807,-5.0609,1.2104
